/*
SQLyog Ultimate v9.51 
MySQL - 5.5.37-0ubuntu0.14.04.1 : Database - symfony
*********************************************************************
*/

/*!40101 SET NAMES utf8 */;

/*!40101 SET SQL_MODE=''*/;

/*!40014 SET @OLD_UNIQUE_CHECKS=@@UNIQUE_CHECKS, UNIQUE_CHECKS=0 */;
/*!40014 SET @OLD_FOREIGN_KEY_CHECKS=@@FOREIGN_KEY_CHECKS, FOREIGN_KEY_CHECKS=0 */;
/*!40101 SET @OLD_SQL_MODE=@@SQL_MODE, SQL_MODE='NO_AUTO_VALUE_ON_ZERO' */;
/*!40111 SET @OLD_SQL_NOTES=@@SQL_NOTES, SQL_NOTES=0 */;
CREATE DATABASE /*!32312 IF NOT EXISTS*/`symfony` /*!40100 DEFAULT CHARACTER SET latin1 */;

USE `symfony`;

/*Data for the table `address` */

insert  into `address`(`id`,`city_id`,`region_id`,`association_id`,`address`,`latitude`,`longitude`,`createdAt`,`updatedAt`) values (1,8,1,1,'Woodward Ave',42.331575009353,-83.046598434448,'2014-07-19 12:36:11','2014-07-19 12:36:11'),(2,12,2,2,'300 Portage Ave.',49.893224436209,-97.143688201904,'2014-07-19 12:36:22','2014-07-19 12:36:22'),(3,27,NULL,3,'76 Arlozorov St.',32.085847032624,34.779238700867,'2014-07-19 12:36:24','2014-07-19 12:36:24'),(4,25,NULL,4,'62 HaMaccabim St.',31.984451487794,34.811678541681,'2014-07-19 12:36:28','2014-07-19 12:36:28'),(5,24,NULL,4,'11 Rupin St.',31.773865200012,35.20414352417,'2014-07-19 12:36:30','2014-07-19 12:36:30'),(6,29,NULL,5,'Eilat',29.553664106525,34.964116952639,'2014-07-19 12:36:38','2014-07-19 12:36:38'),(7,7,3,5,'72 Hudson Ave',40.70274,-73.981284499168,'2014-07-19 12:36:42','2014-07-19 12:36:42'),(8,19,NULL,6,'47 Chandos Pl',51.509510373598,-0.12576878070831,'2014-07-19 12:36:50','2014-07-19 12:36:50'),(9,49,4,6,'西新宿2-11',35.689334888033,139.68974590302,'2014-07-19 12:36:55','2014-07-19 12:36:55'),(10,1,NULL,7,'70 Ibn Gvirol St.',32.080592838332,34.781491756439,'2014-07-19 12:37:02','2014-07-19 12:37:02'),(11,43,NULL,8,'Unit UG06, Citywalk, 1 Yeung Uk Rd',22.369592707473,114.11369204521,'2014-07-19 12:37:10','2014-07-19 12:37:10'),(12,36,5,10,'620 N Harvey Ave',35.47299069683,-97.517073154449,'2014-07-19 12:39:04','2014-07-19 12:39:04'),(13,9,6,10,'108 W 2nd St #101',34.051183819522,-118.24517905712,'2014-07-19 12:39:11','2014-07-19 12:39:11'),(14,13,7,9,'130 King Street',42.982487252631,-81.250745890886,'2014-07-19 12:39:30','2014-07-19 12:39:30'),(15,22,8,9,'Castle St.',51.482258175388,-3.1810569763184,'2014-07-19 12:39:33','2014-07-19 12:39:33'),(16,22,8,11,'10-12 Quay St',51.480019832312,-3.1808960437775,'2014-07-19 12:39:39','2014-07-19 12:39:39'),(17,45,9,11,'Wangfujing Ave.',39.910378055806,116.40504652181,'2014-07-19 12:39:43','2014-07-19 12:39:43'),(18,38,6,13,'1420 Market St',37.776125592822,-122.41810934101,'2014-07-19 12:39:51','2014-07-19 12:39:51'),(19,4,NULL,13,'Mahane Yehuda',31.784449129699,35.212729864964,'2014-07-19 12:39:55','2014-07-19 12:39:55'),(20,27,NULL,12,'Rabin Square',32.080465570364,34.780633449554,'2014-07-19 12:40:00','2014-07-19 12:40:00'),(21,1,NULL,15,'171 Dizengoff St.',32.084525656817,34.774319331235,'2014-07-19 12:40:08','2014-07-19 12:40:08'),(22,46,10,15,'Place de l\'Hôtel de Ville',48.856738757024,2.3515462875366,'2014-07-19 12:40:12','2014-07-19 12:40:12'),(23,46,11,14,'Place de l\'Hôtel de Ville',48.856738757024,2.3515462875366,'2014-07-19 12:40:20','2014-07-19 12:40:20'),(24,52,12,17,'Costera Miguel Alemán No. 1926, Interior Galerías Diana, Fraccionamiento Magallanes',16.860305220534,-99.873824939132,'2014-07-19 12:40:27','2014-07-19 12:40:27'),(25,2,7,17,'100 Queen St. W.',43.652270473223,-79.383516311646,'2014-07-19 12:40:29','2014-07-19 12:40:29'),(26,45,9,16,'138 Wangfujing Ave',39.913832,116.405458,'2014-07-19 12:40:31','2014-07-19 12:40:31'),(27,23,NULL,16,'3 Sheinkin St.',32.074718,34.809445,'2014-07-19 12:40:32','2014-07-19 12:40:32'),(28,31,NULL,19,'שדרות טוביהו 125',31.250493985376,34.772603879183,'2014-07-19 12:40:34','2014-07-19 12:40:34'),(29,27,NULL,18,'70 Ibn Gabirol St.',32.080471792742,34.781337222904,'2014-07-19 12:40:37','2014-07-19 12:40:37'),(30,45,9,18,'Chang\'an Ave',39.904995809654,116.39143466949,'2014-07-19 12:40:40','2014-07-19 12:40:40'),(31,8,1,21,'612 Woodward Ave',42.330551850386,-83.045761585236,'2014-07-19 12:40:50','2014-07-19 12:40:50'),(32,3,13,21,'532 W Broadway',49.263323818336,-123.11590433121,'2014-07-19 12:40:54','2014-07-19 12:40:54'),(33,32,NULL,20,'3 Yaldei Teheran St.',31.983854503232,34.770998954773,'2014-07-19 12:41:04','2014-07-19 12:41:04'),(34,41,14,20,'C. Montsió, 3',41.385776415924,2.1735978126526,'2014-07-19 12:41:07','2014-07-19 12:41:07'),(35,6,NULL,22,'St. Martin\'s Pl',51.50927666177,-0.12759268283844,'2014-07-19 12:41:10','2014-07-19 12:41:10'),(36,27,NULL,23,'197 Dizengoff St.',32.087134354659,34.774977451538,'2014-07-19 12:41:14','2014-07-19 12:41:14'),(37,2,7,23,'401 Bay St.',43.651804705333,-79.381499290466,'2014-07-19 12:41:15','2014-07-19 12:41:15'),(38,16,15,25,'407 Place Jacques-Cartier',45.507899572345,-73.552592396736,'2014-07-19 12:41:36','2014-07-19 12:41:36'),(39,22,8,25,'25 Westgate St.',51.479891207767,-3.1811937689781,'2014-07-19 12:41:38','2014-07-19 12:41:38'),(40,47,16,24,'1 avenue Docteur Ménard',43.709160117516,7.2695642709732,'2014-07-19 12:41:45','2014-07-19 12:41:45'),(41,25,NULL,27,'הרצל 184',31.898322165299,34.810303545589,'2014-07-19 12:41:50','2014-07-19 12:41:50'),(42,23,NULL,27,'132 Menachem Begin Rd.',32.074159719445,34.791963982602,'2014-07-19 12:41:53','2014-07-19 12:41:53'),(43,32,NULL,26,'21 David Saharov St.',31.990315396949,34.774775505066,'2014-07-19 12:42:02','2014-07-19 12:42:02'),(44,36,5,26,'100 W Reno Ave',35.463483791555,-97.515099048615,'2014-07-19 12:42:08','2014-07-19 12:42:08'),(45,24,NULL,28,'Jaffa Gate, Old City',31.776209251187,35.228111743927,'2014-07-19 12:42:26','2014-07-19 12:42:26'),(46,28,NULL,29,'1 Hertsel St.',32.330116726292,34.852794184888,'2014-07-19 12:42:49','2014-07-19 12:42:49'),(47,26,NULL,29,'33 Maskit St.',32.16300703895,34.810309410095,'2014-07-19 12:42:57','2014-07-19 12:42:57'),(48,23,NULL,30,'Kremnitsky 6',32.06675328208,34.794209623176,'2014-07-19 12:43:11','2014-07-19 12:43:11'),(49,46,10,30,'14 rue du Temple',48.857356413413,2.3531556129456,'2014-07-19 12:43:16','2014-07-19 12:43:16'),(50,50,17,32,'北浜2-1-16',34.692200507565,135.50499558449,'2014-07-19 12:43:20','2014-07-19 12:43:20'),(51,35,18,32,'224 E Houston St',29.426240809588,-98.490717963299,'2014-07-19 12:43:22','2014-07-19 12:43:22'),(52,32,NULL,31,'4 HaMe\'a Ve\'Esrim St.',31.979613725669,34.747223854065,'2014-07-19 12:43:24','2014-07-19 12:43:24'),(53,6,NULL,31,'31 St Martins Ln',51.509590503092,-0.1268470287323,'2014-07-19 12:43:29','2014-07-19 12:43:29'),(54,33,NULL,33,'5 Shenkar St.',32.159846323851,34.809365272522,'2014-07-19 12:43:31','2014-07-19 12:43:31'),(55,42,19,33,'Pza de la Puerta del Sol',40.416877840264,-3.7035405635834,'2014-07-19 12:43:33','2014-07-19 12:43:33'),(56,23,NULL,34,'7 Sirkin st.',32.076883813451,34.814289808273,'2014-07-19 12:53:19','2014-07-19 12:53:19'),(57,27,NULL,34,'171 Ben Yehuda St.',32.089555693789,34.773809909821,'2014-07-19 12:53:21','2014-07-19 12:53:21'),(58,36,5,35,'301 W Reno Ave',35.465244446349,-97.517942408176,'2014-07-19 12:53:26','2014-07-19 12:53:26'),(59,26,NULL,35,'1 Hanechoshet st.',32.108509998093,34.838699468272,'2014-07-19 12:53:29','2014-07-19 12:53:29'),(60,22,8,36,'The Hayes',51.4795513224,-3.1752282727831,'2014-07-19 12:53:34','2014-07-19 12:53:34'),(61,51,20,36,'Plaza de la Constitución s/n',19.432600481483,-99.133222103119,'2014-07-19 12:53:40','2014-07-19 12:53:40'),(62,18,13,37,'590 West Broadway',49.263239800719,-123.11740636826,'2014-07-19 12:53:44','2014-07-19 12:53:44'),(63,2,7,37,'220 Yonge Street',43.652842283277,-79.380342060501,'2014-07-19 12:53:48','2014-07-19 12:53:48'),(64,34,21,38,'NW 2nd Ave',25.798905921094,-80.198907852173,'2014-07-19 12:53:55','2014-07-19 12:53:55'),(65,29,NULL,38,'23 Pa\'amey HaShalom, Royal Beach Promenade',29.549127906503,34.962712526321,'2014-07-19 12:53:58','2014-07-19 12:53:58'),(66,42,19,39,'Pl. de la Puerta del Sol',40.416623599237,-3.7038396298885,'2014-07-19 12:54:07','2014-07-19 12:54:07'),(67,8,1,39,'118 W Lafayette Blvd',42.331432243985,-83.048942685127,'2014-07-19 12:54:11','2014-07-19 12:54:11'),(68,51,20,40,'Primer Cuadro de la Ciudad',19.432610599135,-99.133318662643,'2014-07-19 12:54:13','2014-07-19 12:54:13'),(69,1,NULL,40,'171 Dizengoff St.',32.08445859821,34.77415210314,'2014-07-19 12:54:15','2014-07-19 12:54:15'),(70,27,NULL,41,'171 Dizengoff St.',32.08445859821,34.77415210314,'2014-07-19 12:54:19','2014-07-19 12:54:19'),(71,30,NULL,41,'45 Yefe Nof St.',32.813748761844,34.98768876934,'2014-07-19 12:54:21','2014-07-19 12:54:21'),(72,1,NULL,42,'27 Shaul Hamelech Ave.',32.077437741638,34.786922483388,'2014-07-19 12:54:25','2014-07-19 12:54:25'),(73,5,NULL,43,'54 Derech Simha Golan St.',32.789813505836,35.007746815681,'2014-07-19 12:54:30','2014-07-19 12:54:30'),(74,10,7,44,'17600 Yonge St',44.056320110552,-79.485976696014,'2014-07-19 12:54:35','2014-07-19 12:54:35'),(75,10,7,45,'17600 Yonge St',44.056320110552,-79.485976696014,'2014-07-19 12:54:42','2014-07-19 12:54:42'),(76,49,4,46,'西新宿2-8-1',35.689892574163,139.69162344933,'2014-07-19 12:54:48','2014-07-19 12:54:48'),(77,48,22,46,'Tahrir Square',30.04435571693,31.235686540604,'2014-07-19 12:54:49','2014-07-19 12:54:49'),(78,2,7,47,'176 Yonge St.',43.652069164267,-79.380243001223,'2014-07-19 12:54:54','2014-07-19 12:54:54'),(79,50,17,47,'中央区今橋4-1-1',34.690983134376,135.5003285408,'2014-07-19 12:54:57','2014-07-19 12:54:57'),(80,22,8,48,'Westgate St',51.478416175697,-3.1826877593994,'2014-07-19 12:54:59','2014-07-19 12:54:59');

/*Data for the table `association` */

insert  into `association`(`id`,`user_id`,`name`,`description`,`slug`,`createdAt`,`updatedAt`,`type`) values (1,3,'Iure ut perspiciatis veniam','Laborum dolorum ut adipisci id. Libero ea quas et veritatis. Atque voluptates voluptatem recusandae et impedit.','iure-ut-perspiciatis-veniam','2014-07-19 12:36:16','2014-07-19 12:36:16','musician'),(2,4,'Ipsa non enim earum','Nostrum omnis qui aut eos ut earum. Perferendis eum ea qui mollitia ut debitis distinctio odio. Numquam amet eos mollitia est sapiente quasi est. Id ad rem velit distinctio.','ipsa-non-enim-earum','2014-07-19 12:36:23','2014-07-19 12:36:23','band'),(3,4,'Est dolor consequatur repudiandae nisi','Cumque consequatur qui eius aut architecto possimus. Et quis sint sunt cupiditate sed dolores.','est-dolor-consequatur-repudiandae-nisi','2014-07-19 12:36:26','2014-07-19 12:36:26','musician'),(4,5,'Delectus omnis commodi quis','Et ipsa cumque aut quaerat sequi quo. Dicta perspiciatis aliquam velit. Suscipit ea id libero adipisci.','delectus-omnis-commodi-quis','2014-07-19 12:36:32','2014-07-19 12:36:32','musician'),(5,6,'Aspernatur quo est','Quae eos facilis et reprehenderit explicabo non hic. Qui voluptate odio est aut impedit quia. Reiciendis maiores iste autem ut aut enim. Et cum doloremque deserunt.','aspernatur-quo-est','2014-07-19 12:36:47','2014-07-19 12:36:47','band'),(6,6,'Magnam placeat et et enim quia','Aut non molestiae cum sed quas id recusandae. Quos laborum eum velit nobis quis. Maxime iste occaecati atque beatae neque ut alias. Aut voluptatem expedita consequatur sit.','magnam-placeat-et-et-enim-quia','2014-07-19 12:36:58','2014-07-19 12:36:58','musician'),(7,7,'Corporis ipsum excepturi molestiae ab natus qui','Doloribus architecto voluptate nam itaque et modi. Dolor praesentium nostrum sunt sunt. Aut soluta aut voluptate impedit enim. Explicabo tempore praesentium accusantium beatae.','corporis-ipsum-excepturi-molestiae-ab-natus-qui','2014-07-19 12:37:06','2014-07-19 12:37:06','musician'),(8,7,'Magni et','Cum velit ullam dolorum quis ad eum. Vel aut quia suscipit temporibus. Distinctio explicabo distinctio molestias quo. Doloribus assumenda excepturi ut qui quod aut vitae.','magni-et','2014-07-19 12:37:14','2014-07-19 12:37:14','musician'),(9,8,'Repellendus','Eaque cupiditate exercitationem magnam culpa. Rerum rerum beatae perspiciatis officia qui ullam non. Asperiores iure sequi sint pariatur aliquam. Adipisci laborum perferendis commodi.','repellendus','2014-07-19 12:39:36','2014-07-19 12:39:36','musician'),(10,8,'Labore modi dolore','Occaecati amet qui sunt eum dolores repellat maxime. Temporibus sed cum rerum nesciunt rerum aut. Sed sapiente omnis incidunt sapiente est. Adipisci aut vel soluta.','labore-modi-dolore','2014-07-19 12:39:24','2014-07-19 12:39:24','band'),(11,9,'Quam optio repellat amet','Harum tempora porro praesentium quia facilis fugit. Sit assumenda repellendus molestias nobis. Est eaque deleniti voluptatem iste sit. Aliquam deleniti ipsa sint. Voluptatum aut ea rerum totam eos.','quam-optio-repellat-amet','2014-07-19 12:39:47','2014-07-19 12:39:47','musician'),(12,10,'Voluptates sed quasi','Est molestias voluptatem maxime eveniet. Aperiam magni omnis ut deserunt doloribus veniam et. Illum et et tempore praesentium et.','voluptates-sed-quasi','2014-07-19 12:40:03','2014-07-19 12:40:03','musician'),(13,10,'Quis provident quam','Aperiam illo eum labore et mollitia rerum aliquid ut. Sint ducimus molestias optio id aut cumque quo. Eum autem asperiores eum aut nisi tempore sed. Eius architecto ut fugiat dolorem.','quis-provident-quam','2014-07-19 12:39:58','2014-07-19 12:39:58','band'),(14,10,'Ut rerum alias totam accusamus','Tempora non quo soluta. Facilis at nam aperiam. Laudantium aut iusto hic repellat.','ut-rerum-alias-totam-accusamus','2014-07-19 12:40:21','2014-07-19 12:40:21','musician'),(15,10,'Velit quia deserunt labore enim earum','Sed temporibus omnis et qui ullam rerum. Aut aut minima quo numquam officia labore. Animi officiis ut quia et similique. Mollitia temporibus aliquid mollitia aut explicabo dolores itaque.','velit-quia-deserunt-labore-enim-earum','2014-07-19 12:40:18','2014-07-19 12:40:18','band'),(16,11,'Est adipisci qui expedita','Illo et maxime cum doloremque qui accusantium et. Sunt ipsam cupiditate aut et sunt maxime fugit. Aliquid hic et fuga. Quibusdam dolor delectus voluptatibus eum ea iure molestias.','est-adipisci-qui-expedita','2014-07-19 12:40:33','2014-07-19 12:40:33','musician'),(17,11,'Nemo dolorem doloribus aspernatur ipsum qui quibusdam','Est qui ipsam et. Voluptatum alias facilis voluptatem. Consequatur consectetur dolorem autem et. Facilis et consectetur tempore sed quod fugit dolor.','nemo-dolorem-doloribus-aspernatur-ipsum-qui-quibusdam','2014-07-19 12:40:30','2014-07-19 12:40:30','band'),(18,11,'Ut repellendus qui veniam','Consequuntur optio est eius voluptatem. Rerum veniam inventore et sed et autem fugiat. Quia saepe dolor id sed.','ut-repellendus-qui-veniam','2014-07-19 12:40:45','2014-07-19 12:40:45','musician'),(19,11,'Ipsa eos officia','Et sapiente illum est id a nostrum vel iste. Aperiam qui delectus libero molestiae illum est. Perspiciatis quidem earum beatae vero. Voluptas est enim aut ducimus ipsum quia nostrum.','ipsa-eos-officia','2014-07-19 12:40:35','2014-07-19 12:40:35','band'),(20,12,'Minima sit nesciunt','Laudantium distinctio sed voluptatibus nemo quos explicabo totam perspiciatis. Odio molestiae amet non quis quasi est animi sit. Molestiae omnis distinctio qui sint quod.','minima-sit-nesciunt','2014-07-19 12:41:09','2014-07-19 12:41:09','musician'),(21,12,'Assumenda animi et','Sapiente veniam cupiditate laborum architecto nesciunt exercitationem hic. Maxime sunt iusto et veniam molestiae.','assumenda-animi-et','2014-07-19 12:41:00','2014-07-19 12:41:00','band'),(22,12,'Vel in repellendus inventore','Illum consequuntur qui culpa aliquid rem quod. Et ut exercitationem quia soluta amet. Non libero quasi ducimus praesentium vero aut repellendus. Velit minus repellat amet ipsam dolores quis.','vel-in-repellendus-inventore','2014-07-19 12:41:11','2014-07-19 12:41:11','musician'),(23,12,'Ut maxime','Perspiciatis corporis id aut. Recusandae est dicta aut. Maiores fuga pariatur provident qui. Animi et et alias cupiditate qui sed.','ut-maxime','2014-07-19 12:41:16','2014-07-19 12:41:16','musician'),(24,13,'Quos officiis excepturi est atque','Eaque non et eligendi magnam eum quibusdam laudantium. Maiores blanditiis nisi molestiae est. Eius itaque aliquid voluptatem incidunt.','quos-officiis-excepturi-est-atque','2014-07-19 12:41:47','2014-07-19 12:41:47','musician'),(25,13,'Laborum','Atque non excepturi in vitae. Quasi aut modi et aut tempore. Ea quaerat commodi nihil aliquam et voluptas. Minima aliquid deleniti blanditiis asperiores modi.','laborum','2014-07-19 12:41:41','2014-07-19 12:41:41','band'),(26,13,'Molestiae labore voluptatem et','Consequatur sit exercitationem illum blanditiis est ea beatae. Dolorum dolore ab dolores deserunt necessitatibus dolores. Nesciunt perferendis doloribus saepe. Dolor reiciendis sed placeat commodi.','molestiae-labore-voluptatem-et','2014-07-19 12:42:15','2014-07-19 12:42:15','musician'),(27,13,'Voluptatum exercitationem assumenda et aspernatur','Aliquid exercitationem inventore et ea ipsam fugit assumenda. Dolore aut est voluptas amet. Ea rerum aut sit sit veniam voluptatibus numquam eos.','voluptatum-exercitationem-assumenda-et-aspernatur','2014-07-19 12:41:57','2014-07-19 12:41:57','band'),(28,14,'At ad','Aspernatur in voluptates rerum aliquam dolore. Asperiores id eaque dolorum ut incidunt. Aut aliquam laborum dignissimos aut totam. Expedita dolor aliquid quo.','at-ad','2014-07-19 12:42:36','2014-07-19 12:42:36','musician'),(29,14,'Ipsum blanditiis est adipisci','Nostrum esse quisquam debitis voluptatem. Inventore est dolorem sed quae rerum similique voluptate. Nobis debitis occaecati ex dignissimos neque et.','ipsum-blanditiis-est-adipisci','2014-07-19 12:43:04','2014-07-19 12:43:04','musician'),(30,15,'Atque debitis','Repudiandae porro aut quasi perspiciatis. Laboriosam ut deleniti veniam est iusto veniam. Ratione aut labore consequuntur quam dolor non a.','atque-debitis','2014-07-19 12:43:18','2014-07-19 12:43:18','musician'),(31,16,'Nemo dolore est voluptate','Velit quam magnam sunt inventore. Et cupiditate dolor vitae et facilis. Dolor voluptas vel ex ut vel eos. Non ducimus voluptas consequatur.','nemo-dolore-est-voluptate','2014-07-19 12:43:29','2014-07-19 12:43:29','musician'),(32,16,'Ullam ullam molestiae minima','Qui officiis iusto eum maxime. Voluptatem qui quis aperiam iusto laboriosam necessitatibus voluptatum. Voluptas praesentium alias itaque voluptas eos aut non.','ullam-ullam-molestiae-minima','2014-07-19 12:43:22','2014-07-19 12:43:22','band'),(33,17,'Nam consectetur qui','In dolore impedit soluta nemo. Aut consequatur et quo voluptatibus. Aut aut numquam sit repellat. Ut amet suscipit nesciunt.','nam-consectetur-qui','2014-07-19 12:43:34','2014-07-19 12:43:34','musician'),(34,18,'Est nihil sunt','Nesciunt id alias dolore. Culpa optio eligendi at similique consequatur laboriosam. Optio dolor et architecto provident omnis enim laboriosam animi.','est-nihil-sunt','2014-07-19 12:53:22','2014-07-19 12:53:22','musician'),(35,18,'Quos eligendi nihil ad perferendis expedita','Enim odit expedita sint doloribus et repellendus unde. Consequatur eum ipsam eos qui atque. Porro quia maxime error provident dolores cumque. Quaerat laboriosam at distinctio fugiat nostrum sed.','quos-eligendi-nihil-ad-perferendis-expedita','2014-07-19 12:53:31','2014-07-19 12:53:31','musician'),(36,19,'Praesentium doloribus quas ut','Labore non quia et animi et culpa est. Aut molestiae delectus labore suscipit totam est. Natus eum similique temporibus delectus assumenda.','praesentium-doloribus-quas-ut','2014-07-19 12:53:41','2014-07-19 12:53:41','band'),(37,19,'Minima et ut ut quae','Repellendus illo non non velit temporibus. Quasi facilis dolorem odio esse temporibus. Qui voluptas ex vel repellendus voluptas.','minima-et-ut-ut-quae','2014-07-19 12:53:52','2014-07-19 12:53:52','musician'),(38,19,'Dolorem','Laborum omnis quis sapiente sed quasi non praesentium iusto. Sunt nihil autem neque expedita quia possimus modi. Perferendis asperiores quis aut. Occaecati delectus dolores dolorum repellat qui.','dolorem','2014-07-19 12:54:02','2014-07-19 12:54:02','band'),(39,19,'Modi est','Reprehenderit nihil iusto est impedit quam. Et maiores sequi minima libero. Est iusto dolores ad rerum omnis. Pariatur facere placeat id et quam consequuntur et.','modi-est','2014-07-19 12:54:12','2014-07-19 12:54:12','musician'),(40,20,'Voluptatem omnis enim eum','Rerum id ipsum ut quia similique sint et. Vitae voluptatem aut rerum repellat beatae. Molestiae eos est non molestiae doloribus dolor. Quos dolores laboriosam vel deserunt voluptate quibusdam.','voluptatem-omnis-enim-eum','2014-07-19 12:54:16','2014-07-19 12:54:16','band'),(41,20,'Sunt repellendus dolorem','Necessitatibus reprehenderit fuga est. Asperiores sed velit dolore omnis. Est hic magnam et laboriosam qui.','sunt-repellendus-dolorem','2014-07-19 12:54:22','2014-07-19 12:54:22','musician'),(42,21,'Reiciendis optio maxime dicta facere ducimus doloribus','Quia aliquam alias totam libero ut qui quia. Temporibus porro ut et delectus. Eius velit est dolorem fugit. Aut cum minima aut omnis voluptas quos.','reiciendis-optio-maxime-dicta-facere-ducimus-doloribus','2014-07-19 12:54:28','2014-07-19 12:54:28','musician'),(43,21,'Qui quo similique quod amet','Quia dolores unde debitis praesentium enim doloremque maiores. Harum nihil nisi repellendus excepturi. Autem voluptate qui et animi quia qui.','qui-quo-similique-quod-amet','2014-07-19 12:54:32','2014-07-19 12:54:32','musician'),(44,22,'Maiores aut','Id facere ipsam molestiae et optio voluptas ut. Sint sapiente rerum non velit. Sapiente eveniet voluptatem sed aliquam qui qui neque et. Aperiam atque recusandae accusamus atque eum dolor distinctio.','maiores-aut','2014-07-19 12:54:38','2014-07-19 12:54:38','band'),(45,22,'Maxime qui maiores rerum aliquid','Est id ut voluptatem delectus. Inventore ut earum eos ut ut deleniti architecto. Temporibus qui beatae eos error atque.','maxime-qui-maiores-rerum-aliquid','2014-07-19 12:54:45','2014-07-19 12:54:45','musician'),(46,22,'Aliquam beatae','Facilis laudantium maxime porro facilis totam maxime quam. Aspernatur odio est ut. Eligendi commodi illum quas eius.','aliquam-beatae','2014-07-19 12:54:51','2014-07-19 12:54:51','band'),(47,22,'Nihil sunt ex harum mollitia','Dolorem aperiam id iusto facilis. Hic corrupti sunt autem porro quos. Temporibus et ipsum distinctio fugit quaerat.','nihil-sunt-ex-harum-mollitia','2014-07-19 12:54:58','2014-07-19 12:54:58','musician'),(48,22,'Unde eveniet','Tempora distinctio quae unde qui. Expedita atque et placeat inventore voluptate. Ut voluptas voluptatem quia modi omnis labore.','unde-eveniet','2014-07-19 12:55:01','2014-07-19 12:55:01','musician');

/*Data for the table `association_genre` */

insert  into `association_genre`(`association_id`,`genre_id`) values (1,4),(1,7),(1,11),(2,5),(2,7),(3,6),(3,8),(4,1),(5,6),(5,10),(6,10),(6,11),(7,1),(8,9),(8,10),(9,4),(9,10),(10,1),(10,6),(10,8),(11,3),(11,6),(11,8),(12,8),(12,9),(13,5),(13,9),(13,10),(14,3),(14,7),(15,3),(16,6),(17,1),(17,10),(18,2),(18,6),(19,7),(20,6),(21,2),(21,7),(22,9),(23,3),(23,8),(23,10),(24,4),(24,5),(24,8),(25,3),(25,8),(26,4),(26,5),(27,3),(27,8),(28,1),(28,5),(28,11),(29,2),(29,7),(29,10),(30,5),(30,9),(30,11),(31,7),(31,9),(32,5),(33,5),(33,6),(34,1),(34,5),(34,9),(35,1),(36,8),(36,10),(37,6),(37,8),(38,9),(39,3),(39,10),(40,1),(40,4),(40,9),(41,11),(42,5),(43,10),(44,2),(44,10),(45,10),(46,3),(46,11),(47,3),(47,10),(48,3),(48,5);

/*Data for the table `band_musician` */

insert  into `band_musician`(`musician_id`,`band_id`,`status`) values (3,2,1),(6,5,1),(9,10,1),(12,13,1),(14,15,1),(16,17,1),(18,19,1),(20,21,1),(24,25,1),(26,27,1),(31,32,1),(37,36,1),(39,38,1),(41,40,1),(45,44,1),(47,46,1);

/*Data for the table `city` */

insert  into `city`(`id`,`country_id`,`region_id`,`name`,`latitude`,`longitude`,`slug`) values (1,3,NULL,'Tel Aviv',32.0852999,34.7817676,'israel/tel-aviv'),(2,1,NULL,'Toronto',43.653226,-79.3831843,'canada/toronto'),(3,1,NULL,'Vancouver',49.261226,-123.1139268,'canada/vancouver'),(4,3,NULL,'Jerusalem',31.768319,35.21371,'israel/jerusalem'),(5,3,NULL,'Haifa',32.7940463,34.989571,'israel/haifa'),(6,2,NULL,'London',51.508515,-0.1254872,'united-kingdom/london'),(7,4,NULL,'New York',40.7056308,-73.9780035,'united-states/new-york'),(8,4,NULL,'Detroit',42.331427,-83.0457538,'united-states/detroit'),(9,4,NULL,'Los Angeles',34.0522342,-118.2436849,'united-states/los-angeles'),(10,1,NULL,'Newmarket',44.059187,-79.461256,'canada/newmarket'),(11,1,NULL,'Ottawa',45.4215296,-75.6971931,'canada/ottawa'),(12,1,NULL,'Winnipeg',49.8997541,-97.1374937,'canada/winnipeg'),(13,1,NULL,'London',42.9869502,-81.243177,'canada/london'),(14,1,NULL,'Mississauga',43.5890452,-79.6441198,'canada/mississauga'),(15,1,NULL,'Keswick',44.2436111,-79.4758333,'canada/keswick'),(16,1,NULL,'Montreal',45.5086699,-73.5539925,'canada/montreal'),(17,1,NULL,'Quebec City',46.8032826,-71.242796,'canada/quebec-city'),(18,1,NULL,'Vancouver',49.261226,-123.1139268,'canada/vancouver-1'),(19,2,NULL,'London',51.508515,-0.1254872,'united-kingdom/london-1'),(20,2,NULL,'Glasgow',55.864237,-4.251806,'united-kingdom/glasgow'),(21,2,NULL,'Liverpool',53.4083714,-2.9915726,'united-kingdom/liverpool'),(22,2,NULL,'Cardiff',51.481581,-3.17909,'united-kingdom/cardiff'),(23,3,NULL,'Ramat Gan',32.068424,34.824785,'israel/ramat-gan'),(24,3,NULL,'Jerusalem',31.768319,35.21371,'israel/jerusalem-1'),(25,3,NULL,'Lod',31.951014,34.888075,'israel/lod'),(26,3,NULL,'Ramat HaSharon',32.137793,34.840278,'israel/ramat-hasharon'),(27,3,NULL,'Tel Aviv',32.0852999,34.7817676,'israel/tel-aviv-1'),(28,3,NULL,'Netanya',32.321458,34.853196,'israel/netanya'),(29,3,NULL,'Eilat',29.557669,34.951925,'israel/eilat'),(30,3,NULL,'Haifa',32.7940463,34.989571,'israel/haifa-1'),(31,3,NULL,'Beersheva',31.252973,34.791462,'israel/beersheva'),(32,3,NULL,'Rishon LeTzion',31.9704266,34.7929641,'israel/rishon-letzion'),(33,3,NULL,'Herzliyya',32.162413,34.844675,'israel/herzliyya'),(34,4,NULL,'Miami',25.7890972,-80.2040435,'united-states/miami'),(35,4,NULL,'San Antonio',29.4241219,-98.4936282,'united-states/san-antonio'),(36,4,NULL,'Oklahoma City',35.4675602,-97.5164276,'united-states/oklahoma-city'),(37,4,NULL,'Newark',40.735657,-74.1723667,'united-states/newark'),(38,4,NULL,'San Francisco',37.7749295,-122.4194155,'united-states/san-francisco'),(39,4,NULL,'Buffalo',42.8864468,-78.8783689,'united-states/buffalo'),(40,4,NULL,'Seattle',47.6062095,-122.3320708,'united-states/seattle'),(41,5,NULL,'Barcelona',41.3850639,2.1734035,'spain/barcelona'),(42,5,NULL,'Madrid',40.4167754,-3.7037902,'spain/madrid'),(43,6,NULL,'Hong Kong',22.396428,114.109497,'china/hong-kong'),(44,6,NULL,'Shanghai',31.230416,121.473701,'china/shanghai'),(45,6,NULL,'Beijing',39.90403,116.407526,'china/beijing'),(46,7,NULL,'Paris',48.856614,2.3522219,'france/paris'),(47,7,NULL,'Nice',43.7101728,7.2619532,'france/nice'),(48,8,NULL,'Cairo',30.0444196,31.2357116,'egypt/cairo'),(49,10,NULL,'Tokyo',35.6894875,139.6917064,'japan/tokyo'),(50,10,NULL,'Osaka',34.6937378,135.5021651,'japan/osaka'),(51,9,NULL,'Mexico City',19.4326077,-99.133208,'mexico/mexico-city'),(52,9,NULL,'Acapulco',16.8636111,-99.8825,'mexico/acapulco');

/*Data for the table `country` */

insert  into `country`(`id`,`code`,`name`,`slug`) values (1,'CA','Canada','canada'),(2,'GB','United Kingdom','united-kingdom'),(3,'IL','Israel','israel'),(4,'US','United States','united-states'),(5,'ES','Spain','spain'),(6,'CN','China','china'),(7,'FR','France','france'),(8,'EG','Egypt','egypt'),(9,'MX','Mexico','mexico'),(10,'JP','Japan','japan');

/*Data for the table `document` */

insert  into `document`(`id`,`association_id`,`name`,`path`,`crop_params`,`type`,`is_default`) values (1,1,'b0761e184e7961d04efeb1953867913cdb037b86','b0761e184e7961d04efeb1953867913cdb037b86.jpeg',NULL,NULL,NULL),(2,2,'49d3d61d66748ef8273586e605ddfbca19935a21','49d3d61d66748ef8273586e605ddfbca19935a21.jpeg',NULL,NULL,NULL),(3,3,'9709090bd9f1654c55877033bc913f46066ca0a2','9709090bd9f1654c55877033bc913f46066ca0a2.jpeg',NULL,NULL,NULL),(4,4,'cdab9d0e64531b957b4094972482668917773833','cdab9d0e64531b957b4094972482668917773833.jpeg',NULL,NULL,NULL),(5,5,'691e5e89e885be19545624186a62d320439c5121','691e5e89e885be19545624186a62d320439c5121.jpeg',NULL,NULL,NULL),(6,6,'7f623442ecc05a863e603ed5f7e001782831df4e','7f623442ecc05a863e603ed5f7e001782831df4e.jpeg',NULL,NULL,NULL),(7,7,'dd0ed232c7a1696b9721be20b4c47470574cf364','dd0ed232c7a1696b9721be20b4c47470574cf364.jpeg',NULL,NULL,NULL),(8,8,'3e75634509efcc4246b77787971178d64887967f','3e75634509efcc4246b77787971178d64887967f.jpeg',NULL,NULL,NULL),(9,10,'343354492b84d9da08be0811731c5ee7ea1e08fa','343354492b84d9da08be0811731c5ee7ea1e08fa.jpeg',NULL,NULL,NULL),(10,9,'7e13a0b503319e34213924a7a9fe837ce72947ad','7e13a0b503319e34213924a7a9fe837ce72947ad.jpeg',NULL,NULL,NULL),(11,11,'616aaae377739a4ef4a7ef138d86ac4232f1bddc','616aaae377739a4ef4a7ef138d86ac4232f1bddc.jpeg',NULL,NULL,NULL),(12,13,'88bba93020c70504d82cd945f52bd66455e0f365','88bba93020c70504d82cd945f52bd66455e0f365.jpeg',NULL,NULL,NULL),(13,12,'cc11da1219df3f1f8a508d7c2f323b51dbfcb8a8','cc11da1219df3f1f8a508d7c2f323b51dbfcb8a8.jpeg',NULL,NULL,NULL),(14,15,'af5e612280fee456bf4d09896fcd8e887f5e372b','af5e612280fee456bf4d09896fcd8e887f5e372b.jpeg',NULL,NULL,NULL),(15,14,'af1cdc4ed0f69b4453753631402a416211b21962','af1cdc4ed0f69b4453753631402a416211b21962.jpeg',NULL,NULL,NULL),(16,17,'f81837362e13e489fe4bdcdf244e2b77d138ecfd','f81837362e13e489fe4bdcdf244e2b77d138ecfd.jpeg',NULL,NULL,NULL),(17,16,'cd0f3578c4b3b7bfcab999900e1564fd76bfb6a0','cd0f3578c4b3b7bfcab999900e1564fd76bfb6a0.jpeg',NULL,NULL,NULL),(18,19,'44b43924434ac5b3b472890d69718273cac9dd6e','44b43924434ac5b3b472890d69718273cac9dd6e.jpeg',NULL,NULL,NULL),(19,18,'9605259832b1129b1ca5e1fa2820745182a995d6','9605259832b1129b1ca5e1fa2820745182a995d6.jpeg',NULL,NULL,NULL),(20,21,'bfeb3d09d18f29ab49ce478371d21c1c2f2d6071','bfeb3d09d18f29ab49ce478371d21c1c2f2d6071.jpeg',NULL,NULL,NULL),(21,20,'a35a3f8a4dfc8ad517785e7c7446fe04fae245b5','a35a3f8a4dfc8ad517785e7c7446fe04fae245b5.jpeg',NULL,NULL,NULL),(22,22,'bba2dac81527f8a176b3664a82851238f5e809b7','bba2dac81527f8a176b3664a82851238f5e809b7.jpeg',NULL,NULL,NULL),(23,23,'fd8b894ea787dce8026118faeec79fbf759350e0','fd8b894ea787dce8026118faeec79fbf759350e0.jpeg',NULL,NULL,NULL),(24,25,'229ff929f5e71fd70f7a23e5c2e933b1c0d4daff','229ff929f5e71fd70f7a23e5c2e933b1c0d4daff.jpeg',NULL,NULL,NULL),(25,24,'d5f5faa46f16426dff7d78df4538e34857c6083e','d5f5faa46f16426dff7d78df4538e34857c6083e.jpeg',NULL,NULL,NULL),(26,27,'bac89d46317e7107016a0452d42406fa0f271082','bac89d46317e7107016a0452d42406fa0f271082.jpeg',NULL,NULL,NULL),(27,26,'7653ebe59fad3e683c2b4ef081a02b2233513e37','7653ebe59fad3e683c2b4ef081a02b2233513e37.jpeg',NULL,NULL,NULL),(28,28,'44d85eb16a927385110c1fb53aecdc8dded27da2','44d85eb16a927385110c1fb53aecdc8dded27da2.jpeg',NULL,NULL,NULL),(29,29,'b109ba5067528732eb1bb5edbc3048967a0afcff','b109ba5067528732eb1bb5edbc3048967a0afcff.jpeg',NULL,NULL,NULL),(30,30,'f2b8a8ddba83a9acb06d0eda8b507fd042e08ba6','f2b8a8ddba83a9acb06d0eda8b507fd042e08ba6.jpeg',NULL,NULL,NULL),(31,32,'ff010437a78a2157cf3ed117311fcb2a2648dc2f','ff010437a78a2157cf3ed117311fcb2a2648dc2f.jpeg',NULL,NULL,NULL),(32,31,'0262e4e9dc5a13c446b7793c8247b4e94e27680b','0262e4e9dc5a13c446b7793c8247b4e94e27680b.jpeg',NULL,NULL,NULL),(33,33,'a84305e11826e50717a211e0e79ee16d73b391d1','a84305e11826e50717a211e0e79ee16d73b391d1.jpeg',NULL,NULL,NULL),(34,34,'4ff77182925eb4ae2669c000f0864b31f0cc24f3','4ff77182925eb4ae2669c000f0864b31f0cc24f3.jpeg',NULL,NULL,NULL),(35,35,'30ae95b2a2317340e58c971b4b0906cbf9997d03','30ae95b2a2317340e58c971b4b0906cbf9997d03.jpeg',NULL,NULL,NULL),(36,36,'bceada0c407d9985ab46f683e50c40e72ce46563','bceada0c407d9985ab46f683e50c40e72ce46563.jpeg',NULL,NULL,NULL),(37,37,'187027f5f513f0aec9d87ad0953e1868e2925ef5','187027f5f513f0aec9d87ad0953e1868e2925ef5.jpeg',NULL,NULL,NULL),(38,38,'56825ea4b5600b3c166f689f401e0ee3ba8b7a0c','56825ea4b5600b3c166f689f401e0ee3ba8b7a0c.jpeg',NULL,NULL,NULL),(39,39,'a44c811bc7510d4469f41aad9d3a5a4336265938','a44c811bc7510d4469f41aad9d3a5a4336265938.jpeg',NULL,NULL,NULL),(40,40,'b75135fa3bb9e8da3a000639bd426632d7fd8679','b75135fa3bb9e8da3a000639bd426632d7fd8679.jpeg',NULL,NULL,NULL),(41,41,'62d6a3da8c7aa84eefa407d1c1e81132e669bd6a','62d6a3da8c7aa84eefa407d1c1e81132e669bd6a.jpeg',NULL,NULL,NULL),(42,42,'f2852dff2cbfec3c43c571c706a6098f51808e41','f2852dff2cbfec3c43c571c706a6098f51808e41.jpeg',NULL,NULL,NULL),(43,43,'441ce60a7e5097333a5ee2bea5775b54f5e28353','441ce60a7e5097333a5ee2bea5775b54f5e28353.jpeg',NULL,NULL,NULL),(44,44,'3bb449c8a12ecd5b62853366332b3b346a1784f6','3bb449c8a12ecd5b62853366332b3b346a1784f6.jpeg',NULL,NULL,NULL),(45,45,'cab0018a9da075d702c4d9527bed0f59cb6a0989','cab0018a9da075d702c4d9527bed0f59cb6a0989.jpeg',NULL,NULL,NULL),(46,46,'b7048431da7b16aae376437cf87f9dd539ac489a','b7048431da7b16aae376437cf87f9dd539ac489a.jpeg',NULL,NULL,NULL),(47,47,'d35bb0ec22080f7b454318deedbef7a8ee46431d','d35bb0ec22080f7b454318deedbef7a8ee46431d.jpeg',NULL,NULL,NULL),(48,48,'fff1f93e89951102f3686d3c53a0d5b2ef486fa6','fff1f93e89951102f3686d3c53a0d5b2ef486fa6.jpeg',NULL,NULL,NULL);

/*Data for the table `fos_user_group` */

insert  into `fos_user_group`(`id`,`name`,`roles`) values (1,'user','a:0:{}');

/*Data for the table `fos_user_user` */

insert  into `fos_user_user`(`id`,`username`,`username_canonical`,`email`,`email_canonical`,`enabled`,`salt`,`password`,`last_login`,`locked`,`expired`,`expires_at`,`confirmation_token`,`password_requested_at`,`roles`,`credentials_expired`,`credentials_expire_at`,`created_at`,`updated_at`,`date_of_birth`,`firstname`,`lastname`,`website`,`biography`,`gender`,`locale`,`timezone`,`phone`,`facebook_uid`,`facebook_name`,`facebook_data`,`twitter_uid`,`twitter_name`,`twitter_data`,`gplus_uid`,`gplus_name`,`gplus_data`,`token`,`two_step_code`,`github_id`,`github_access_token`,`facebook_id`,`facebook_access_token`,`google_id`,`google_access_token`) values (1,'Zachary E','zachary e','Zachary E','zachary e',1,'ox84nice0k0c8wgssggw8skscoskow8','Zachary E','2014-07-19 12:35:28',0,0,NULL,NULL,NULL,'a:0:{}',0,NULL,'2014-07-19 12:35:27','2014-07-19 12:35:28',NULL,NULL,NULL,NULL,NULL,'u',NULL,NULL,NULL,NULL,NULL,'null',NULL,NULL,'null',NULL,NULL,'null',NULL,NULL,NULL,NULL,NULL,NULL,'Zachary E','ya29.RwCc0K2_7mMbuxsAAADWoO-YiTkgdUhuJuMQbULxy-EQrdGyF05ItSApiBNSXQ'),(2,'admin','admin','admin@admin.com','admin@admin.com',1,'35a00aixp2g48kwwoskco0kkwwo8k4o','+s6zwx9MfTl+PUu2Zn+n4h6kgjzJqysTGUO8kcclIUXqmyZ+hEV0KkBcIjbVYhzhZ0lcD6P6ZfWbouo4xTRePw==',NULL,0,0,NULL,NULL,NULL,'a:1:{i:0;s:16:\"ROLE_SUPER_ADMIN\";}',0,NULL,'2014-07-19 12:35:38','2014-07-19 12:35:38',NULL,NULL,NULL,NULL,NULL,'u',NULL,NULL,NULL,NULL,NULL,'null',NULL,NULL,'null',NULL,NULL,'null',NULL,NULL,NULL,NULL,NULL,NULL,NULL,NULL),(3,'hammes.elizabeth','hammes.elizabeth','brakus.christiana@stokeshoppe.com','brakus.christiana@stokeshoppe.com',1,'tigez7sp2pwk8ws84cw4cw800ksk04k','6TpkqPBCeygnwAYkzUzUf4mENbTlmJtLidh6JZGW0QcfDRnMDLq8TNN/Z/Evntarok8m7rQZZR3ity1rPOyr8A==',NULL,0,0,NULL,NULL,NULL,'a:0:{}',0,NULL,'2014-07-19 12:36:16','2014-07-19 12:36:16','1992-05-07 10:32:43','Nigel','Zieme',NULL,NULL,'f',NULL,NULL,'111-111-1111',NULL,NULL,'null',NULL,NULL,'null',NULL,NULL,'null',NULL,NULL,NULL,NULL,NULL,NULL,NULL,NULL),(4,'wava49','wava49','green.norval@yahoo.com','green.norval@yahoo.com',1,'37gw1u6bt28080owgkccosow448o8ws','91qiOqzBOgcA+dbos7VXRPX+p46WXRKKBMTCk8ON1izKGa+vW2GCE60HLsDPS3eY7B7rgRMVGPlgiDHtJgcFVw==',NULL,0,0,NULL,NULL,NULL,'a:0:{}',0,NULL,'2014-07-19 12:36:26','2014-07-19 12:36:26','1967-11-25 21:36:25','Marlene','Smitham',NULL,NULL,'f',NULL,NULL,'111-111-1111',NULL,NULL,'null',NULL,NULL,'null',NULL,NULL,'null',NULL,NULL,NULL,NULL,NULL,NULL,NULL,NULL),(5,'johnny17','johnny17','ochristiansen@ledner.com','ochristiansen@ledner.com',1,'jakdlsy85nsogk0480gswkws00ks8k0','sm5o5FtiTGnewrKtABVk0/vGgR297YXk16/YUxHdsn7xOX2DyK8x4jbSSuKVZ6q3LB0HRdqukETNXOGWEdS3sQ==',NULL,0,0,NULL,NULL,NULL,'a:0:{}',0,NULL,'2014-07-19 12:36:32','2014-07-19 12:36:32','1949-11-23 15:21:06','Elenor','Friesen',NULL,NULL,'m',NULL,NULL,'111-111-1111',NULL,NULL,'null',NULL,NULL,'null',NULL,NULL,'null',NULL,NULL,NULL,NULL,NULL,NULL,NULL,NULL),(6,'dkulas','dkulas','glennie68@wolf.com','glennie68@wolf.com',1,'6wie7e430740gg8gkk8ooksscso488s','z06RResiynuUJTpwIZDYCmOx4kn8vu7h7mKmPBthGVSK/f3+QhLU8t52MnZ7Jd1jwtNVutX1j7mobe7tHTcb5w==',NULL,0,0,NULL,NULL,NULL,'a:0:{}',0,NULL,'2014-07-19 12:36:58','2014-07-19 12:36:58','1955-06-07 02:40:12','Eliseo','Wiegand',NULL,NULL,'f',NULL,NULL,'111-111-1111',NULL,NULL,'null',NULL,NULL,'null',NULL,NULL,'null',NULL,NULL,NULL,NULL,NULL,NULL,NULL,NULL),(7,'cgutkowski','cgutkowski','wilderman.wyman@hotmail.com','wilderman.wyman@hotmail.com',1,'mqt52o6t3k0ws0cwco8go88kkk04084','/LsVFHYg/Oe0JIW/bojpzA/CRLurlyTRaPGVbl5sAj+0QEUoZEDpys+m/QrkWVH8v22MteTuiaKE2RHvlPAv1g==',NULL,0,0,NULL,NULL,NULL,'a:0:{}',0,NULL,'2014-07-19 12:37:14','2014-07-19 12:37:14','1963-12-25 09:11:21','Floy','Greenholt',NULL,NULL,'f',NULL,NULL,'111-111-1111',NULL,NULL,'null',NULL,NULL,'null',NULL,NULL,'null',NULL,NULL,NULL,NULL,NULL,NULL,NULL,NULL),(8,'terrence.emard','terrence.emard','oo\'conner@hotmail.com','oo\'conner@hotmail.com',1,'dldkh43fyps044kw88c40wgwks0w8k','91p9AJyOSIJf2aH0EuFRRq4Det18UuKw02/iDaCWpsx1VBth2eGQbzJywI0/DmUAw4PbCUJ+ywLlz8vMRA8nyA==',NULL,0,0,NULL,NULL,NULL,'a:0:{}',0,NULL,'2014-07-19 12:39:36','2014-07-19 12:39:36','1940-01-29 03:53:54','Abdiel','Powlowski',NULL,NULL,'f',NULL,NULL,'111-111-1111',NULL,NULL,'null',NULL,NULL,'null',NULL,NULL,'null',NULL,NULL,NULL,NULL,NULL,NULL,NULL,NULL),(9,'merritt.hansen','merritt.hansen','adela53@towneturcotte.info','adela53@towneturcotte.info',1,'pm4chz5h700o0cssocckcs4gooocooo','2/iPFy8gNPU+j18AoyEGbR6unD5rWvURNQxR4+TAwzqLMYOyYhZ1dcGWwYl/sP4IpNv3nB01c79QfuBuQwKcnA==',NULL,0,0,NULL,NULL,NULL,'a:0:{}',0,NULL,'2014-07-19 12:39:47','2014-07-19 12:39:47','1972-07-30 13:32:08','Carter','Eichmann',NULL,NULL,'f',NULL,NULL,'111-111-1111',NULL,NULL,'null',NULL,NULL,'null',NULL,NULL,'null',NULL,NULL,NULL,NULL,NULL,NULL,NULL,NULL),(10,'koss.ryann','koss.ryann','magdalena.fadel@gmail.com','magdalena.fadel@gmail.com',1,'7btti1iix0w8skowgk004k8g8swk4oo','ZdTPMH1McT79tshALOJvoSaprNyeTDK0Q0VmEA51aDUp/3p7Ov19TP4tpZQ5U/rb5pV1xESJLkpjC4fcEWCmMw==',NULL,0,0,NULL,NULL,NULL,'a:0:{}',0,NULL,'2014-07-19 12:40:03','2014-07-19 12:40:03','1986-07-27 07:19:49','Buck','Mayert',NULL,NULL,'f',NULL,NULL,'111-111-1111',NULL,NULL,'null',NULL,NULL,'null',NULL,NULL,'null',NULL,NULL,NULL,NULL,NULL,NULL,NULL,NULL),(11,'kschoen','kschoen','jlabadie@hotmail.com','jlabadie@hotmail.com',1,'hmy1bcd4tdwgwo8g4wcsk40088cco4','Y46KOX+UScqj4xRS1rJFtkbgcCPZ2hInxBPwawFLV+cxJEgkxnL/fH22FgDqg0denNwWuDbAPx+R4Kef/aIA/A==',NULL,0,0,NULL,NULL,NULL,'a:0:{}',0,NULL,'2014-07-19 12:40:33','2014-07-19 12:40:33','1973-12-12 21:49:58','Lyric','Okuneva',NULL,NULL,'f',NULL,NULL,'111-111-1111',NULL,NULL,'null',NULL,NULL,'null',NULL,NULL,'null',NULL,NULL,NULL,NULL,NULL,NULL,NULL,NULL),(12,'cummings.francisca','cummings.francisca','iturner@hotmail.com','iturner@hotmail.com',1,'gai7t0kiwdss0gsocso4o0kwkssw4kg','0sYYUEc8EmgR8mcE1vg7JlKpTWUjM9eco6fnPggkjn9wpHkGNMTNsznp7cJyjXcR1PQtqGI53M1GP/qG/ihZpQ==',NULL,0,0,NULL,NULL,NULL,'a:0:{}',0,NULL,'2014-07-19 12:41:09','2014-07-19 12:41:09','1977-12-16 00:20:00','Callie','Bauch',NULL,NULL,'m',NULL,NULL,'111-111-1111',NULL,NULL,'null',NULL,NULL,'null',NULL,NULL,'null',NULL,NULL,NULL,NULL,NULL,NULL,NULL,NULL),(13,'vernon.ebert','vernon.ebert','jazlyn.stamm@reillyprohaska.info','jazlyn.stamm@reillyprohaska.info',1,'68ubccp3ar0ow04sws0cwwco048k0gc','8Draa6I0fGLotTq2ZTiRKxq7g2xttyYYHdbskHhe6vTvmS8vKU8xpkKWo3Gxn8EQdqefERICouZa4rvFkWN1ug==',NULL,0,0,NULL,NULL,NULL,'a:0:{}',0,NULL,'2014-07-19 12:41:47','2014-07-19 12:41:47','1968-09-03 12:49:50','Bailee','Greenholt',NULL,NULL,'m',NULL,NULL,'111-111-1111',NULL,NULL,'null',NULL,NULL,'null',NULL,NULL,'null',NULL,NULL,NULL,NULL,NULL,NULL,NULL,NULL),(14,'legros.elenor','legros.elenor','georgianna35@hotmail.com','georgianna35@hotmail.com',1,'notgq33ziqogc4owoowgsgsskcowc04','p9rpCD6gp4lxUQDvTmOr/QPUfRRyA7XN+gdbKM8sST7BH8PTaAtDboYRLcsL+DDgaNTxlbOzQA87YFM4X+xflA==',NULL,0,0,NULL,NULL,NULL,'a:0:{}',0,NULL,'2014-07-19 12:43:04','2014-07-19 12:43:04','1977-02-10 05:41:40','Bernie','Nicolas',NULL,NULL,'f',NULL,NULL,'111-111-1111',NULL,NULL,'null',NULL,NULL,'null',NULL,NULL,'null',NULL,NULL,NULL,NULL,NULL,NULL,NULL,NULL),(15,'wwilderman','wwilderman','lmaggio@yahoo.com','lmaggio@yahoo.com',1,'d2uwl3g4b3sw884kowscgw4w4osos4w','53OakDdtVPVYVLkI03Rmq3OvgBilQlqLbublRHe6PJypj58UwN7/nObM9i8N/DqhB4gNZdsD5z8vfMgD4VT5rQ==',NULL,0,0,NULL,NULL,NULL,'a:0:{}',0,NULL,'2014-07-19 12:43:18','2014-07-19 12:43:18','1968-05-05 13:29:04','Elijah','Medhurst',NULL,NULL,'f',NULL,NULL,'111-111-1111',NULL,NULL,'null',NULL,NULL,'null',NULL,NULL,'null',NULL,NULL,NULL,NULL,NULL,NULL,NULL,NULL),(16,'chadrick02','chadrick02','tgusikowski@mayer.biz','tgusikowski@mayer.biz',1,'9tg538lip5c8ccksgkc84k0ccw8w4kw','0SkgBE52ErAOkWzVc387xVkoICfVpvA83PEljnuRhiM2p1O3TdJm1Zu2gqEHQdzPJdHTResvaKK8UY78xAjA8g==',NULL,0,0,NULL,NULL,NULL,'a:0:{}',0,NULL,'2014-07-19 12:43:29','2014-07-19 12:43:29','1988-06-15 00:57:19','Tony','Wyman',NULL,NULL,'m',NULL,NULL,'111-111-1111',NULL,NULL,'null',NULL,NULL,'null',NULL,NULL,'null',NULL,NULL,NULL,NULL,NULL,NULL,NULL,NULL),(17,'camden67','camden67','deborah63@yahoo.com','deborah63@yahoo.com',1,'thdko6xpqv4ws80ckc00o48c0sgow4k','oqb8q7PVTOg/UC82Q8jIEUhIetgj5+WnX44iJJdT4+uInwcDXQjTiwY1p7IZGgVb4VNr/xKP0Y0WL2ppdHe65g==',NULL,0,0,NULL,NULL,NULL,'a:0:{}',0,NULL,'2014-07-19 12:43:35','2014-07-19 12:43:35','1992-04-10 10:19:03','Jonas','Sawayn',NULL,NULL,'f',NULL,NULL,'111-111-1111',NULL,NULL,'null',NULL,NULL,'null',NULL,NULL,'null',NULL,NULL,NULL,NULL,NULL,NULL,NULL,NULL),(18,'xdouglas','xdouglas','ernie96@hotmail.com','ernie96@hotmail.com',1,'r6fd1fkxr9cwgw8o80gk4cwwc4ksk4s','LnPXsvRnn6BSSd3U40bwMXo118Qoh9CSt5IE1G3bTnEKfpHDsWKylQYY4F0mUe+QU2BkUx72IBjfY1CsJDIzEg==',NULL,0,0,NULL,NULL,NULL,'a:0:{}',0,NULL,'2014-07-19 12:53:31','2014-07-19 12:53:31','1957-05-30 20:35:54','Anita','Fisher',NULL,NULL,'f',NULL,NULL,'111-111-1111',NULL,NULL,'null',NULL,NULL,'null',NULL,NULL,'null',NULL,NULL,NULL,NULL,NULL,NULL,NULL,NULL),(19,'reilly.callie','reilly.callie','dickinson.edmond@hotmail.com','dickinson.edmond@hotmail.com',1,'8eexjk5pez8cgkoosso8kkkooccgkc0','SgTu9Rr/cNYcvkf4oo4ZuWkIhUlBnogiQfKgOutZ/2gFasOguiNHehQ5JfyoBf0DuDZrbFqshlv6rVwvPQFGHw==',NULL,0,0,NULL,NULL,NULL,'a:0:{}',0,NULL,'2014-07-19 12:53:52','2014-07-19 12:53:52','1991-10-24 23:28:47','Vaughn','Kohler',NULL,NULL,'m',NULL,NULL,'111-111-1111',NULL,NULL,'null',NULL,NULL,'null',NULL,NULL,'null',NULL,NULL,NULL,NULL,NULL,NULL,NULL,NULL),(20,'remington19','remington19','qarmstrong@gmail.com','qarmstrong@gmail.com',1,'cm9ovts9crw48coo888wog88cokwg80','4M4xcH97+0OwxVdWMy7X2yUht4pB3QFZVAd9W6usdyJZvJO0Ih3E6A4Gd3QDYeAyx2VlLQBgR0u7/whRVEZbVQ==',NULL,0,0,NULL,NULL,NULL,'a:0:{}',0,NULL,'2014-07-19 12:54:22','2014-07-19 12:54:22','1958-05-10 05:56:02','Helen','Hegmann',NULL,NULL,'f',NULL,NULL,'111-111-1111',NULL,NULL,'null',NULL,NULL,'null',NULL,NULL,'null',NULL,NULL,NULL,NULL,NULL,NULL,NULL,NULL),(21,'jarred.zboncak','jarred.zboncak','ikrajcik@manteyundt.com','ikrajcik@manteyundt.com',1,'1xlvad6p7680wkc4o4gs448swc4cg44','P0O/bwoIdNvQ/9ShoaxC5IF7Hj8BbOHWEdvbXpm7uKXZ+cNbxZStF0jL/L6oXFclfnrJmy08QfSGF0GpzBcKvQ==',NULL,0,0,NULL,NULL,NULL,'a:0:{}',0,NULL,'2014-07-19 12:54:32','2014-07-19 12:54:32','1952-07-27 02:51:21','Dorthy','Davis',NULL,NULL,'f',NULL,NULL,'111-111-1111',NULL,NULL,'null',NULL,NULL,'null',NULL,NULL,'null',NULL,NULL,NULL,NULL,NULL,NULL,NULL,NULL),(22,'phackett','phackett','monique.feil@gmail.com','monique.feil@gmail.com',1,'hds9sbdl39k4sgscccgkwkggskw8owc','pX28fIa2cobsFU2fTte6RtDOpUQVi8q9fhIjycTTAS3icXJTihcc5DlxhWQXXhpHsT36n9UAYQxemxcXbcOALg==',NULL,0,0,NULL,NULL,NULL,'a:0:{}',0,NULL,'2014-07-19 12:54:45','2014-07-19 12:54:45','1954-07-01 15:11:37','Aleen','Stroman',NULL,NULL,'m',NULL,NULL,'111-111-1111',NULL,NULL,'null',NULL,NULL,'null',NULL,NULL,'null',NULL,NULL,NULL,NULL,NULL,NULL,NULL,NULL);

/*Data for the table `fos_user_user_group` */

insert  into `fos_user_user_group`(`user_id`,`group_id`) values (3,1),(4,1),(5,1),(6,1),(7,1),(8,1),(9,1),(10,1),(11,1),(12,1),(13,1),(14,1),(15,1),(16,1),(17,1),(18,1),(19,1),(20,1),(21,1),(22,1);

/*Data for the table `genre` */

insert  into `genre`(`id`,`name`,`slug`) values (1,'Avant Garde','avant-garde'),(2,'Blues','blues'),(3,'Country','country'),(4,'Folk','folk'),(5,'Funk','funk'),(6,'Heavy Metal','heavy-metal'),(7,'Jazz','jazz'),(8,'Punk Rock','punk-rock'),(9,'Rap','rap'),(10,'Rock','rock'),(11,'Reggae','reggae');

/*Data for the table `google_geolocation_api_log` */

/*Data for the table `google_geolocation_location` */

/*Data for the table `instrument` */

insert  into `instrument`(`id`,`name`,`slug`) values (1,'Guitar','guitar'),(2,'Bass Guitar','bass-guitar'),(3,'Drums','drums'),(4,'Saxophone','saxophone'),(5,'Piano','piano'),(6,'Trumpet','trumpet'),(7,'Tuba','tuba'),(8,'Trombone','trombone'),(9,'Violin','violin'),(10,'Flute','flute');

/*Data for the table `item` */

insert  into `item`(`id`,`fs_id`) values (1,'456fd59ff964a520333e1fe3'),(2,'4b44c3adf964a52081fb25e3'),(3,'4bb092faf964a520e34c3ce3'),(4,'4d4d2f25fe7fb1f7ca465942'),(5,'4c39c685ae2da593b00103c6'),(6,'5054a8f1e4b0c7508af8008b'),(7,'49d3773df964a520fb5b1fe3'),(8,'4acf3b84f964a520d0d220e3'),(9,'4b55dc56f964a5205bf327e3'),(10,'4b0588e6f964a52098de22e3'),(11,'4b348547f964a520c22725e3'),(12,'4b058680f964a5205f6422e3'),(13,'474f6bd3f964a520b04c1fe3'),(14,'4b571829f964a520292628e3'),(15,'4b5433a0f964a52074b427e3'),(16,'4bc8bc8014d7952163bc69e9'),(17,'4c9864e705a1b1f71c318d53'),(18,'529ab21b11d2ec80cc1eeef1'),(19,'4b7e63c5f964a5202aeb2fe3'),(20,'4b0588e4f964a52054de22e3'),(21,'4b28caa1f964a520379524e3'),(22,'4bf41231e5eba59334341f90'),(23,'4bf41231e5eba59334341f90'),(24,'4c7ab008794e224b65596928'),(25,'4ad4c05ef964a520a6f620e3'),(26,'4f50ce93e4b0c5e18870f96f'),(27,'4bb5a1fb46d4a593b93ac5c0'),(28,'517414ade4b043edcbfcabfd'),(29,'4b06e93ef964a520c9f222e3'),(30,'4bcc3b9868f976b07a386283'),(31,'41326e00f964a5207f0e1fe3'),(32,'4ab04bfaf964a520ed6620e3'),(33,'4b7bae26f964a520b46a2fe3'),(34,'4bb1e0daf964a5200ca83ce3'),(35,'4ac518d2f964a52047a720e3'),(36,'4ff693f4e4b09751a73d0521'),(37,'4dfe1cf0a809d61e2fc568ce'),(38,'4b4d5803f964a52012d126e3'),(39,'5229e7dd049331b94a75425f'),(40,'4b4b2431f964a520009326e3'),(41,'4bc88dab14d79521eb4269e9'),(42,'4b0588e7f964a520ddde22e3'),(43,'4b4d9b6ff964a520c1d426e3'),(44,'4b15504af964a52048b023e3'),(45,'4bc2b4ec74a9a593b2aed3f6'),(46,'4da5a273cda1c55f755a0f2b'),(47,'4ba12645f964a5208b9c37e3'),(48,'4b6ff6ebf964a52099012de3'),(49,'4b4b6a3df964a520b89a26e3'),(50,'51629a52e4b0818b73df36f4'),(51,'4ad4c000f964a520c4eb20e3'),(52,'4fbf7a1fe4b04828b8aa28e8'),(53,'4cdadd2dc409b60cac66d11a'),(54,'4b0a6a86f964a520e12323e3'),(55,'4adcda37f964a5201f3c21e3'),(56,'4bc2f5fbabf495218015c393'),(57,'4b50fd5df964a520313c27e3'),(58,'4b058680f964a5204f6422e3'),(59,'4b5ed3fff964a5201a9a29e3'),(60,'4b60506ff964a52025df29e3'),(61,'4b2e85fdf964a520cee124e3'),(62,'4aa98676f964a520105420e3'),(63,'4ad788c8f964a520e40b21e3'),(64,'4c39073c93db0f4765c32292'),(65,'4be486de2457a593be5aaa15'),(66,'4e32bade18a846d7ed0a895e'),(67,'4ad2598ff964a5200ee120e3'),(68,'4e287117149554c77439a44d'),(69,'4ca07dfd542b224bee0706a0'),(70,'4ca07dfd542b224bee0706a0'),(71,'4b0637e2f964a520cfe922e3'),(72,'4b0588e5f964a5207fde22e3'),(73,'4bbef977006dc9b6a1ddfb3f'),(74,'4b1aac4bf964a52003ef23e3'),(75,'4b1aac4bf964a52003ef23e3'),(76,'4bdfcf270ee3a593dc7035b0'),(77,'4cb48a7e1463a143dfb7bba9'),(78,'4adf85e1f964a5206e7b21e3'),(79,'4bcaa2f0b6c49c7402009191'),(80,'4b881167f964a5202edd31e3');

/*Data for the table `musician_instrument` */

insert  into `musician_instrument`(`musician_id`,`instrument_id`) values (1,4),(1,10),(3,8),(4,1),(4,9),(6,10),(7,9),(7,10),(8,3),(8,8),(9,2),(9,8),(11,5),(11,8),(12,3),(12,6),(14,4),(14,10),(16,7),(16,10),(18,1),(20,2),(20,7),(22,10),(23,2),(24,2),(24,8),(26,4),(28,3),(29,8),(30,7),(30,8),(31,8),(33,2),(34,5),(34,8),(35,6),(37,6),(39,5),(41,2),(42,4),(42,8),(43,8),(45,5),(47,5),(47,7),(48,4);

/*Data for the table `region` */

insert  into `region`(`id`,`country_id`,`short_name`,`long_name`,`slug`) values (1,4,'MI','Michigan','michigan'),(2,1,'MB','Manitoba','manitoba'),(3,4,'NY','New York','new-york'),(4,10,'Tokyo','Tokyo','tokyo'),(5,4,'OK','Oklahoma','oklahoma'),(6,4,'CA','California','california'),(7,1,'ON','Ontario','ontario'),(8,2,'Wales','Wales','wales'),(9,6,'Beijing','Beijing','beijing'),(10,7,'IDF','Île-de-France','ile-de-france'),(11,7,'IDF','Île-de-France','ile-de-france-1'),(12,9,'GRO','Guerrero','guerrero'),(13,1,'BC','British Columbia','british-columbia'),(14,5,'CT','Catalonia','catalonia'),(15,1,'QC','Quebec','quebec'),(16,7,'PACA','Provence-Alpes-Côte d\'Azur','provence-alpes-cote-dazur'),(17,10,'Osaka Prefecture','Osaka Prefecture','osaka-prefecture'),(18,4,'TX','Texas','texas'),(19,5,'Community of Madrid','Community of Madrid','community-of-madrid'),(20,9,'D.F.','Federal District','federal-district'),(21,4,'FL','Florida','florida'),(22,8,'Cairo Governorate','Cairo Governorate','cairo-governorate');

/*!40101 SET SQL_MODE=@OLD_SQL_MODE */;
/*!40014 SET FOREIGN_KEY_CHECKS=@OLD_FOREIGN_KEY_CHECKS */;
/*!40014 SET UNIQUE_CHECKS=@OLD_UNIQUE_CHECKS */;
/*!40111 SET SQL_NOTES=@OLD_SQL_NOTES */;
